"Date,AverageTemperature,AverageTemperatureUncertainty,City,Country,Latitude,Longitude"
"1850-05-01,18.068,1.422,Do Rud,Iran,32.95N,48.83E"
"1858-09-01,22.41,1.517,Do Rud,Iran,32.95N,48.83E"
"1867-01-01,2.908,2.153,Do Rud,Iran,32.95N,48.83E"
"1875-05-01,20.206,1.497,Do Rud,Iran,32.95N,48.83E"
"1883-09-01,23.657,0.438,Do Rud,Iran,32.95N,48.83E"
"1892-01-01,3.621,0.851,Do Rud,Iran,32.95N,48.83E"
"1900-05-01,19.345,1.332,Do Rud,Iran,32.95N,48.83E"
"1908-09-01,24.526,0.912,Do Rud,Iran,32.95N,48.83E"
"1917-01-01,4.316,1.574,Do Rud,Iran,32.95N,48.83E"
"1925-05-01,20.97,0.653,Do Rud,Iran,32.95N,48.83E"
"1933-09-01,23.251,0.314,Do Rud,Iran,32.95N,48.83E"
"1988-07-01,22.979,0.356,Orsk,Russia,50.63N,59.58E"
"1996-11-01,-4.597,0.515,Orsk,Russia,50.63N,59.58E"
"2005-03-01,-5.701,0.375,Orsk,Russia,50.63N,59.58E"
"2013-07-01,20.993,0.744,Orsk,Russia,50.63N,59.58E"
"1817-09-01,13.45,2.126,Orumiyeh,Iran,37.78N,44.75E"
"1826-11-01,5.422,1.964,Orumiyeh,Iran,37.78N,44.75E"
"1835-03-01,1.645,2.743,Orumiyeh,Iran,37.78N,44.75E"
"1843-07-01,21.199,1.391,Orumiyeh,Iran,37.78N,44.75E"
"1851-11-01,4.586,2.96,Orumiyeh,Iran,37.78N,44.75E"
"1860-03-01,-1.601,1.326,Orumiyeh,Iran,37.78N,44.75E"
"1868-07-01,21.592,1.204,Orumiyeh,Iran,37.78N,44.75E"
"2006-08-01,26.094,0.291,Vizianagaram,India,18.48N,82.82E"
"1781-01-01,-4.853,4.779,Vladikavkaz,Russia,42.59N,43.64E"
"1792-09-01,14.155,2.31,Vladikavkaz,Russia,42.59N,43.64E"
"1816-11-01,0.942,5.038,Vladikavkaz,Russia,42.59N,43.64E"
"1825-03-01,-2.006,2.385,Vladikavkaz,Russia,42.59N,43.64E"
"1833-07-01,17.044,1.673,Vladikavkaz,Russia,42.59N,43.64E"
"1841-11-01,1.072,1.416,Vladikavkaz,Russia,42.59N,43.64E"
"1850-03-01,-1.04,2.934,Vladikavkaz,Russia,42.59N,43.64E"
"1858-07-01,17.663,1.179,Vladikavkaz,Russia,42.59N,43.64E"
"1866-11-01,0.16,0.947,Vladikavkaz,Russia,42.59N,43.64E"
"1781-03-01,-4.139,1.667,Obninsk,Russia,55.45N,36.85E"
"1789-07-01,20.808,2.717,Obninsk,Russia,55.45N,36.85E"
"1797-11-01,-3.072,3.178,Obninsk,Russia,55.45N,36.85E"
"1806-03-01,-4.726,2.821,Obninsk,Russia,55.45N,36.85E"
"1814-07-01,18.185,3.163,Obninsk,Russia,55.45N,36.85E"
"1822-11-01,-0.739,3.484,Obninsk,Russia,55.45N,36.85E"
"1831-03-01,-5.442,4.018,Obninsk,Russia,55.45N,36.85E"
"1839-07-01,20.252,3.865,Obninsk,Russia,55.45N,36.85E"
"1847-11-01,-1.027,0.941,Obninsk,Russia,55.45N,36.85E"
"1856-03-01,-9.113,1.347,Obninsk,Russia,55.45N,36.85E"
"1864-07-01,18.322,0.653,Obninsk,Russia,55.45N,36.85E"
"1825-01-01,25.025,2.364,Bac Lieu,Vietnam,8.84N,106.22E"
"1846-09-01,26.579,1.327,Bac Lieu,Vietnam,8.84N,106.22E"
"1856-09-01,26.595,1.197,Bac Lieu,Vietnam,8.84N,106.22E"
"1865-11-01,26.529,1.279,Bac Lieu,Vietnam,8.84N,106.22E"
"1874-03-01,26.604,2.333,Bac Lieu,Vietnam,8.84N,106.22E"
"1882-07-01,27.969,0.464,Bac Lieu,Vietnam,8.84N,106.22E"
"1890-11-01,26.083,0.496,Bac Lieu,Vietnam,8.84N,106.22E"
"1899-03-01,24.802,0.87,Bac Lieu,Vietnam,8.84N,106.22E"
"1907-07-01,28.008,0.407,Bac Lieu,Vietnam,8.84N,106.22E"
"1915-11-01,26.394,0.434,Bac Lieu,Vietnam,8.84N,106.22E"
"1978-07-01,16.165,0.261,Kovrov,Russia,57.05N,42.79E"
"1986-11-01,-1.619,0.218,Kovrov,Russia,57.05N,42.79E"
"1995-03-01,-0.615,0.224,Kovrov,Russia,57.05N,42.79E"
"2003-07-01,20.505,0.309,Kovrov,Russia,57.05N,42.79E"
"2011-11-01,-2.154,0.221,Kovrov,Russia,57.05N,42.79E"
"1860-06-01,25.417,1.165,Kpalime,Togo,7.23N,0.81E"
"1879-08-01,23.219,1.382,Kpalime,Togo,7.23N,0.81E"
"1888-10-01,24.468,0.862,Kpalime,Togo,7.23N,0.81E"
"1897-02-01,27.599,0.598,Kpalime,Togo,7.23N,0.81E"
"1905-06-01,24.68,0.797,Kpalime,Togo,7.23N,0.81E"
"1913-10-01,26.194,0.448,Kpalime,Togo,7.23N,0.81E"
"1831-03-01,-6.717,3.923,Ivanovo,Russia,57.05N,39.84E"
"1839-07-01,20.245,3.794,Ivanovo,Russia,57.05N,39.84E"
"1847-11-01,-1.433,0.852,Ivanovo,Russia,57.05N,39.84E"
"1856-03-01,-10.424,1.117,Ivanovo,Russia,57.05N,39.84E"
"1864-07-01,18.681,1.161,Ivanovo,Russia,57.05N,39.84E"
"1872-11-01,-1.271,1.296,Ivanovo,Russia,57.05N,39.84E"
"1881-03-01,-6.521,0.821,Ivanovo,Russia,57.05N,39.84E"
"1889-07-01,17.719,0.486,Ivanovo,Russia,57.05N,39.84E"
"1897-11-01,-4.414,0.681,Ivanovo,Russia,57.05N,39.84E"
"1906-03-01,-3.576,0.381,Ivanovo,Russia,57.05N,39.84E"
"1914-07-01,19.105,0.332,Ivanovo,Russia,57.05N,39.84E"
"1844-10-01,1.493,1.434,Heihe,Russia,50.63N,128.03E"
"1853-02-01,-25.148,3.761,Heihe,Russia,50.63N,128.03E"
"1861-06-01,17.041,1.673,Heihe,Russia,50.63N,128.03E"
"1869-10-01,2.587,1.636,Heihe,Russia,50.63N,128.03E"
"1878-02-01,-19.822,2.052,Heihe,Russia,50.63N,128.03E"
"1886-06-01,18.346,0.51,Heihe,Russia,50.63N,128.03E"
"1894-10-01,1.228,0.966,Heihe,Russia,50.63N,128.03E"
"1903-02-01,-16.924,1.331,Heihe,Russia,50.63N,128.03E"
"1911-06-01,16.901,0.454,Heihe,Russia,50.63N,128.03E"
"1919-10-01,2.837,0.301,Heihe,Russia,50.63N,128.03E"
"1928-02-01,-20.715,1.383,Heihe,Russia,50.63N,128.03E"
"2007-07-01,28.292,0.248,Bac Lieu,Vietnam,8.84N,106.22E"
"1750-02-01,-1.332,2.551,Bacau,Romania,45.81N,26.54E"
"1760-02-01,-3.808,2.922,Bacau,Romania,45.81N,26.54E"
"1768-06-01,16.206,4.005,Bacau,Romania,45.81N,26.54E"
"1776-10-01,7.028,3.105,Bacau,Romania,45.81N,26.54E"
"1785-02-01,-4.803,4.008,Bacau,Romania,45.81N,26.54E"
"1793-06-01,16.701,3.484,Bacau,Romania,45.81N,26.54E"
"1801-10-01,9.806,1.684,Bacau,Romania,45.81N,26.54E"
"1810-02-01,-2.053,4.109,Bacau,Romania,45.81N,26.54E"
"1818-06-01,16.14,4.758,Bacau,Romania,45.81N,26.54E"
"1826-10-01,8.807,2.82,Bacau,Romania,45.81N,26.54E"
"1777-05-01,12.292,3.089,Ufa,Russia,55.45N,56.69E"
"1785-09-01,8.588,2.257,Ufa,Russia,55.45N,56.69E"
"1794-01-01,-12.562,3.726,Ufa,Russia,55.45N,56.69E"
"1806-07-01,17.268,2.168,Ufa,Russia,55.45N,56.69E"
"1814-11-01,-4.237,6.059,Ufa,Russia,55.45N,56.69E"
"1823-03-01,-5.016,2.234,Ufa,Russia,55.45N,56.69E"
"1831-07-01,16.543,1.602,Ufa,Russia,55.45N,56.69E"
"1839-11-01,-8.028,2.269,Ufa,Russia,55.45N,56.69E"
"1848-03-01,-6.654,1.901,Ufa,Russia,55.45N,56.69E"
"1856-07-01,17.928,0.816,Ufa,Russia,55.45N,56.69E"
"1864-11-01,-10.297,0.979,Ufa,Russia,55.45N,56.69E"
"1996-10-01,3.893,0.198,Novocheboksarsk,Russia,55.45N,48.19E"
"2005-02-01,-12.339,0.194,Novocheboksarsk,Russia,55.45N,48.19E"
"2013-06-01,19.879,0.65,Novocheboksarsk,Russia,55.45N,48.19E"
"1757-09-01,18.303,5.704,Novocherkassk,Russia,47.42N,39.08E"
"1766-01-01,-8.654,4.8,Novocherkassk,Russia,47.42N,39.08E"
"1774-05-01,21.893,2.367,Novocherkassk,Russia,47.42N,39.08E"
"1782-09-01,16.89,2.835,Novocherkassk,Russia,47.42N,39.08E"
"1791-01-01,-2.83,3.409,Novocherkassk,Russia,47.42N,39.08E"
"1799-05-01,16.771,2.096,Novocherkassk,Russia,47.42N,39.08E"
"1930-04-01,26.265,0.56,Play Cu,Vietnam,13.66N,108.17E"
"1938-08-01,25.931,0.245,Play Cu,Vietnam,13.66N,108.17E"
"1946-12-01,22.441,0.574,Play Cu,Vietnam,13.66N,108.17E"
"1955-04-01,26.336,0.255,Play Cu,Vietnam,13.66N,108.17E"
"1963-08-01,25.235,0.189,Play Cu,Vietnam,13.66N,108.17E"
"1971-12-01,21.271,0.246,Play Cu,Vietnam,13.66N,108.17E"
"1980-04-01,26.479,0.807,Play Cu,Vietnam,13.66N,108.17E"
"1988-08-01,25.967,0.394,Play Cu,Vietnam,13.66N,108.17E"
"1996-12-01,21.35,0.175,Play Cu,Vietnam,13.66N,108.17E"
"2005-04-01,26.606,0.263,Play Cu,Vietnam,13.66N,108.17E"
"1936-06-01,17.902,0.364,Heihe,Russia,50.63N,128.03E"
"1944-10-01,1.129,0.683,Heihe,Russia,50.63N,128.03E"
"1953-02-01,-19.935,0.484,Heihe,Russia,50.63N,128.03E"
"1961-06-01,16.778,0.548,Heihe,Russia,50.63N,128.03E"
"1969-10-01,1.824,0.567,Heihe,Russia,50.63N,128.03E"
"1978-02-01,-22.031,0.442,Heihe,Russia,50.63N,128.03E"
"1986-06-01,20.169,0.28,Heihe,Russia,50.63N,128.03E"
"1994-10-01,3.595,0.174,Heihe,Russia,50.63N,128.03E"
"2003-02-01,-17.138,0.897,Heihe,Russia,50.63N,128.03E"
"2011-06-01,18.396,0.235,Heihe,Russia,50.63N,128.03E"
"1756-07-01,18.683,2.556,Heilbronn,Germany,49.03N,9.80E"
"2013-08-01,25.906,0.53,Play Cu,Vietnam,13.66N,108.17E"
"1828-03-01,13.19,2.942,Plano,United States,32.95N,96.70W"
"1836-07-01,28.024,2.388,Plano,United States,32.95N,96.70W"
"1844-11-01,12.029,1.63,Plano,United States,32.95N,96.70W"
"1853-03-01,11.608,1.469,Plano,United States,32.95N,96.70W"
"1861-07-01,28.839,0.93,Plano,United States,32.95N,96.70W"
"1869-11-01,12.067,2.484,Plano,United States,32.95N,96.70W"
"1878-03-01,16.384,0.891,Plano,United States,32.95N,96.70W"
"1886-07-01,28.913,0.78,Plano,United States,32.95N,96.70W"
"1894-11-01,13.073,0.79,Plano,United States,32.95N,96.70W"
"1769-10-01,0.246,3.015,Velikie Luki,Russia,57.05N,30.98E"
"1778-02-01,-6.367,2.672,Velikie Luki,Russia,57.05N,30.98E"
"1786-06-01,14.811,2.212,Velikie Luki,Russia,57.05N,30.98E"
"1794-10-01,5.814,2.107,Velikie Luki,Russia,57.05N,30.98E"
"1803-02-01,-11.851,3.825,Velikie Luki,Russia,57.05N,30.98E"
"1811-06-01,17.122,3.076,Velikie Luki,Russia,57.05N,30.98E"
"1819-10-01,5.352,3.202,Velikie Luki,Russia,57.05N,30.98E"
"1828-02-01,-11.967,1.639,Velikie Luki,Russia,57.05N,30.98E"
"1836-06-01,13.447,1.335,Velikie Luki,Russia,57.05N,30.98E"
"1844-10-01,3.814,1.107,Velikie Luki,Russia,57.05N,30.98E"
"1991-11-01,0.611,0.205,Volgograd,Russia,49.03N,44.08E"
"2000-03-01,1.618,0.281,Volgograd,Russia,49.03N,44.08E"
"2008-07-01,24.114,0.315,Volgograd,Russia,49.03N,44.08E"
"1751-02-01,-14.536,3.101,Vologda,Russia,58.66N,40.00E"
"1760-04-01,0.0,3.903,Vologda,Russia,58.66N,40.00E"
"1768-08-01,14.627,1.952,Vologda,Russia,58.66N,40.00E"
"1776-12-01,-6.831,3.771,Vologda,Russia,58.66N,40.00E"
"1785-04-01,0.569,3.139,Vologda,Russia,58.66N,40.00E"
"1793-08-01,15.258,4.488,Vologda,Russia,58.66N,40.00E"
"1801-12-01,-8.275,4.572,Vologda,Russia,58.66N,40.00E"
"1810-04-01,-1.271,3.029,Vologda,Russia,58.66N,40.00E"
"1999-09-01,18.127,0.227,Kragujevac,Serbia,44.20N,20.12E"
"2008-01-01,1.19,0.522,Kragujevac,Serbia,44.20N,20.12E"
"1752-04-01,10.223,2.21,Krasnodar,Russia,45.81N,38.08E"
"1760-08-01,22.818,5.416,Krasnodar,Russia,45.81N,38.08E"
"1769-10-01,7.217,2.795,Krasnodar,Russia,45.81N,38.08E"
"1778-02-01,0.562,2.99,Krasnodar,Russia,45.81N,38.08E"
"1786-06-01,20.709,1.863,Krasnodar,Russia,45.81N,38.08E"
"1794-10-01,11.386,2.382,Krasnodar,Russia,45.81N,38.08E"
"1803-02-01,-4.242,3.22,Krasnodar,Russia,45.81N,38.08E"
"1811-06-01,20.772,1.741,Krasnodar,Russia,45.81N,38.08E"
"1853-02-01,-6.241,0.877,Velikie Luki,Russia,57.05N,30.98E"
"1861-06-01,15.892,2.05,Velikie Luki,Russia,57.05N,30.98E"
"1869-10-01,4.55,1.046,Velikie Luki,Russia,57.05N,30.98E"
"1878-02-01,-5.48,0.975,Velikie Luki,Russia,57.05N,30.98E"
"1886-06-01,15.317,0.392,Velikie Luki,Russia,57.05N,30.98E"
"1894-10-01,2.017,0.28,Velikie Luki,Russia,57.05N,30.98E"
"1903-02-01,-3.09,0.934,Velikie Luki,Russia,57.05N,30.98E"
"1911-06-01,14.022,0.674,Velikie Luki,Russia,57.05N,30.98E"
"1919-10-01,4.429,0.5,Velikie Luki,Russia,57.05N,30.98E"
"1928-02-01,-8.443,0.551,Velikie Luki,Russia,57.05N,30.98E"
"1936-06-01,18.344,0.193,Velikie Luki,Russia,57.05N,30.98E"
"1944-10-01,5.722,0.252,Velikie Luki,Russia,57.05N,30.98E"
"1953-02-01,-12.933,0.319,Velikie Luki,Russia,57.05N,30.98E"
"1961-06-01,17.522,0.352,Velikie Luki,Russia,57.05N,30.98E"
"1969-10-01,4.456,0.286,Velikie Luki,Russia,57.05N,30.98E"
"1978-02-01,-10.16,0.195,Velikie Luki,Russia,57.05N,30.98E"
"1986-06-01,16.962,0.291,Velikie Luki,Russia,57.05N,30.98E"
"1994-10-01,4.295,0.129,Velikie Luki,Russia,57.05N,30.98E"
"2003-02-01,-7.326,0.302,Velikie Luki,Russia,57.05N,30.98E"
"2011-06-01,17.509,0.253,Velikie Luki,Russia,57.05N,30.98E"
"1986-06-01,21.97,0.306,Krasnodar,Russia,45.81N,38.08E"
"1994-10-01,13.891,0.36,Krasnodar,Russia,45.81N,38.08E"
"2003-02-01,-3.473,0.434,Krasnodar,Russia,45.81N,38.08E"
"2011-06-01,22.531,0.345,Krasnodar,Russia,45.81N,38.08E"
"1826-08-01,12.094,1.605,Krasnoyarsk,Russia,55.45N,93.54E"
"1834-12-01,-16.257,1.946,Krasnoyarsk,Russia,55.45N,93.54E"
"1843-04-01,0.529,3.536,Krasnoyarsk,Russia,55.45N,93.54E"
"1851-08-01,13.99,1.698,Krasnoyarsk,Russia,55.45N,93.54E"
"1859-12-01,-15.429,3.716,Krasnoyarsk,Russia,55.45N,93.54E"
"1868-04-01,1.445,3.095,Krasnoyarsk,Russia,55.45N,93.54E"
"1999-01-01,0.666,0.242,Seto,Japan,36.17N,137.24E"
"2007-05-01,16.127,0.122,Seto,Japan,36.17N,137.24E"
"1751-08-01,13.107,1.859,Severodvinsk,Russia,65.09N,40.21E"
"1760-10-01,-1.526,3.872,Severodvinsk,Russia,65.09N,40.21E"
"1769-02-01,-11.747,3.145,Severodvinsk,Russia,65.09N,40.21E"
"1777-06-01,10.338,2.879,Severodvinsk,Russia,65.09N,40.21E"
"1785-10-01,-0.33,2.443,Severodvinsk,Russia,65.09N,40.21E"
"1794-02-01,-10.14,4.862,Severodvinsk,Russia,65.09N,40.21E"
"1802-06-01,10.614,2.085,Severodvinsk,Russia,65.09N,40.21E"
"1810-10-01,-0.857,4.534,Severodvinsk,Russia,65.09N,40.21E"
"1872-11-01,0.494,1.081,Obninsk,Russia,55.45N,36.85E"
"1881-03-01,-5.471,0.706,Obninsk,Russia,55.45N,36.85E"
"1889-07-01,18.002,0.469,Obninsk,Russia,55.45N,36.85E"
"1897-11-01,-3.395,0.733,Obninsk,Russia,55.45N,36.85E"
"1906-03-01,-2.254,0.53,Obninsk,Russia,55.45N,36.85E"
"1914-07-01,19.62,0.326,Obninsk,Russia,55.45N,36.85E"
"1922-11-01,-0.876,0.674,Obninsk,Russia,55.45N,36.85E"
"1931-03-01,-5.283,0.387,Obninsk,Russia,55.45N,36.85E"
"1939-07-01,19.616,0.408,Obninsk,Russia,55.45N,36.85E"
"1947-11-01,-1.704,0.253,Obninsk,Russia,55.45N,36.85E"
"1956-03-01,-4.989,0.638,Obninsk,Russia,55.45N,36.85E"
"1945-06-01,27.906,0.85,Ca Mau,Vietnam,8.84N,104.59E"
"1953-10-01,27.54,0.237,Ca Mau,Vietnam,8.84N,104.59E"
"1962-02-01,25.294,0.183,Ca Mau,Vietnam,8.84N,104.59E"
"1970-06-01,28.15,0.38,Ca Mau,Vietnam,8.84N,104.59E"
"1978-10-01,26.938,0.398,Ca Mau,Vietnam,8.84N,104.59E"
"1987-02-01,26.031,0.26,Ca Mau,Vietnam,8.84N,104.59E"
"1995-06-01,28.529,0.282,Ca Mau,Vietnam,8.84N,104.59E"
"2003-10-01,27.006,0.314,Ca Mau,Vietnam,8.84N,104.59E"
"2012-02-01,27.036,0.157,Ca Mau,Vietnam,8.84N,104.59E"
"1841-09-01,23.801,1.411,Cordoba,Mexico,18.48N,96.34W"
"1850-01-01,21.084,3.248,Cordoba,Mexico,18.48N,96.34W"
"1783-07-01,17.528,2.473,Syzran,Russia,53.84N,47.73E"
"1791-11-01,-3.107,2.753,Syzran,Russia,53.84N,47.73E"
"1800-03-01,-8.273,3.411,Syzran,Russia,53.84N,47.73E"
"1808-07-01,19.461,2.089,Syzran,Russia,53.84N,47.73E"
"1816-11-01,-3.265,7.477,Syzran,Russia,53.84N,47.73E"
"1825-03-01,-6.684,2.576,Syzran,Russia,53.84N,47.73E"
"1833-07-01,19.715,1.667,Syzran,Russia,53.84N,47.73E"
"1841-11-01,-3.259,0.573,Syzran,Russia,53.84N,47.73E"
"1850-03-01,-6.741,3.179,Syzran,Russia,53.84N,47.73E"
"1858-07-01,20.798,1.219,Syzran,Russia,53.84N,47.73E"
"1866-11-01,-2.79,0.515,Syzran,Russia,53.84N,47.73E"
"1959-12-01,-21.723,0.847,Krasnoyarsk,Russia,55.45N,93.54E"
"1968-04-01,1.273,0.451,Krasnoyarsk,Russia,55.45N,93.54E"
"1976-08-01,11.698,0.287,Krasnoyarsk,Russia,55.45N,93.54E"
"1984-12-01,-21.315,0.19,Krasnoyarsk,Russia,55.45N,93.54E"
"1993-04-01,0.619,0.315,Krasnoyarsk,Russia,55.45N,93.54E"
"2001-08-01,15.836,0.343,Krasnoyarsk,Russia,55.45N,93.54E"
"2009-12-01,-19.555,0.464,Krasnoyarsk,Russia,55.45N,93.54E"
"1755-01-01,-3.975,6.304,Krefeld,Germany,50.63N,6.34E"
"1763-05-01,11.169,3.286,Krefeld,Germany,50.63N,6.34E"
"1771-09-01,13.592,2.331,Krefeld,Germany,50.63N,6.34E"
"2003-05-01,18.487,0.228,Kishiwada,Japan,34.56N,136.22E"
"2011-09-01,23.851,0.172,Kishiwada,Japan,34.56N,136.22E"
"1783-05-01,14.899,3.272,Kislovodsk,Russia,44.20N,42.48E"
"1791-09-01,13.753,2.409,Kislovodsk,Russia,44.20N,42.48E"
"1800-01-01,-4.641,2.773,Kislovodsk,Russia,44.20N,42.48E"
"1808-05-01,10.63,2.933,Kislovodsk,Russia,44.20N,42.48E"
"1816-09-01,13.232,1.811,Kislovodsk,Russia,44.20N,42.48E"
"1825-01-01,-4.932,3.601,Kislovodsk,Russia,44.20N,42.48E"
"1833-05-01,11.829,1.608,Kislovodsk,Russia,44.20N,42.48E"
"1841-09-01,14.656,1.32,Kislovodsk,Russia,44.20N,42.48E"
"1980-04-01,8.099,0.275,Volzhskiy,Russia,49.03N,44.08E"
"1988-08-01,21.996,0.18,Volzhskiy,Russia,49.03N,44.08E"
"1996-12-01,-5.998,0.386,Volzhskiy,Russia,49.03N,44.08E"
"2005-04-01,10.154,0.17,Volzhskiy,Russia,49.03N,44.08E"
"2013-08-01,22.964,0.658,Volzhskiy,Russia,49.03N,44.08E"
"1757-01-01,-12.527,2.968,Voronezh,Russia,52.24N,39.42E"
"1765-05-01,13.099,2.283,Voronezh,Russia,52.24N,39.42E"
"1773-09-01,14.039,2.299,Voronezh,Russia,52.24N,39.42E"
"1782-01-01,-9.787,3.895,Voronezh,Russia,52.24N,39.42E"
"1790-05-01,12.639,2.097,Voronezh,Russia,52.24N,39.42E"
"1825-01-01,22.179,2.203,Buon Me Thuot,Vietnam,12.05N,108.49E"
"1846-09-01,23.198,1.357,Buon Me Thuot,Vietnam,12.05N,108.49E"
"1856-09-01,23.246,1.159,Buon Me Thuot,Vietnam,12.05N,108.49E"
"1865-11-01,22.663,1.399,Buon Me Thuot,Vietnam,12.05N,108.49E"
"1874-03-01,24.294,1.997,Buon Me Thuot,Vietnam,12.05N,108.49E"
"1882-07-01,24.345,0.494,Buon Me Thuot,Vietnam,12.05N,108.49E"
"1890-11-01,22.48,0.621,Buon Me Thuot,Vietnam,12.05N,108.49E"
"1899-03-01,23.133,1.021,Buon Me Thuot,Vietnam,12.05N,108.49E"
"1907-07-01,24.443,0.223,Buon Me Thuot,Vietnam,12.05N,108.49E"
"1964-02-01,17.016,0.36,Vinh,Vietnam,18.48N,106.48E"
"1972-06-01,29.692,0.272,Vinh,Vietnam,18.48N,106.48E"
"1980-10-01,25.786,0.27,Vinh,Vietnam,18.48N,106.48E"
"1989-02-01,17.366,0.339,Vinh,Vietnam,18.48N,106.48E"
"1997-06-01,29.711,0.238,Vinh,Vietnam,18.48N,106.48E"
"2005-10-01,25.866,0.222,Vinh,Vietnam,18.48N,106.48E"
"1825-05-01,28.775,1.298,Vinh Long,Vietnam,10.45N,105.55E"
"1847-01-01,25.401,4.41,Vinh Long,Vietnam,10.45N,105.55E"
"1857-01-01,25.006,1.632,Vinh Long,Vietnam,10.45N,105.55E"
"1867-01-01,24.991,1.251,Vinh Long,Vietnam,10.45N,105.55E"
"1798-09-01,13.072,3.079,Voronezh,Russia,52.24N,39.42E"
"1807-01-01,-10.865,3.011,Voronezh,Russia,52.24N,39.42E"
"1815-05-01,11.939,2.438,Voronezh,Russia,52.24N,39.42E"
"1823-09-01,12.341,1.475,Voronezh,Russia,52.24N,39.42E"
"1832-01-01,-10.411,2.386,Voronezh,Russia,52.24N,39.42E"
"1840-05-01,11.639,1.582,Voronezh,Russia,52.24N,39.42E"
"1848-09-01,13.246,1.46,Voronezh,Russia,52.24N,39.42E"
"1857-01-01,-6.654,1.124,Voronezh,Russia,52.24N,39.42E"
"1865-05-01,12.217,1.568,Voronezh,Russia,52.24N,39.42E"
"1873-09-01,10.938,1.043,Voronezh,Russia,52.24N,39.42E"
"2012-10-01,0.13,0.309,Murmansk,Russia,68.31N,34.70E"
"1756-03-01,-4.354,4.665,Murom,Russia,55.45N,42.52E"
"1764-07-01,18.187,3.473,Murom,Russia,55.45N,42.52E"
"1772-11-01,0.764,3.968,Murom,Russia,55.45N,42.52E"
"1781-03-01,-5.155,1.875,Murom,Russia,55.45N,42.52E"
"1789-07-01,21.57,2.423,Murom,Russia,55.45N,42.52E"
"1797-11-01,-4.393,3.064,Murom,Russia,55.45N,42.52E"
"1806-03-01,-5.371,2.797,Murom,Russia,55.45N,42.52E"
"1814-07-01,17.798,2.556,Murom,Russia,55.45N,42.52E"
"1822-11-01,-2.514,3.17,Murom,Russia,55.45N,42.52E"
"1831-03-01,-5.741,4.131,Murom,Russia,55.45N,42.52E"
"2005-04-01,14.49,0.204,Kusatsu,Japan,34.56N,136.22E"
"2013-08-01,28.181,0.275,Kusatsu,Japan,34.56N,136.22E"
"1880-07-01,29.424,1.552,Kusti,Sudan,13.66N,32.20E"
"1888-11-01,27.135,1.239,Kusti,Sudan,13.66N,32.20E"
"1897-03-01,28.175,2.306,Kusti,Sudan,13.66N,32.20E"
"1905-07-01,30.112,0.921,Kusti,Sudan,13.66N,32.20E"
"1913-11-01,25.972,0.726,Kusti,Sudan,13.66N,32.20E"
"1922-03-01,26.407,0.817,Kusti,Sudan,13.66N,32.20E"
"1930-07-01,28.894,0.383,Kusti,Sudan,13.66N,32.20E"
"1938-11-01,27.729,0.597,Kusti,Sudan,13.66N,32.20E"
"1947-03-01,26.944,0.26,Kusti,Sudan,13.66N,32.20E"
"1983-11-01,13.309,0.172,Xiangdong,China,28.13N,113.64E"
"1992-03-01,8.293,0.201,Xiangdong,China,28.13N,113.64E"
"2000-07-01,29.632,0.35,Xiangdong,China,28.13N,113.64E"
"2008-11-01,12.746,0.196,Xiangdong,China,28.13N,113.64E"
"1843-09-01,20.583,1.139,Xiangfan,China,32.95N,112.02E"
"1852-01-01,0.592,2.285,Xiangfan,China,32.95N,112.02E"
"1860-05-01,18.516,1.676,Xiangfan,China,32.95N,112.02E"
"1868-09-01,20.971,1.187,Xiangfan,China,32.95N,112.02E"
"1877-01-01,-0.034,1.931,Xiangfan,China,32.95N,112.02E"
"1885-05-01,20.025,1.306,Xiangfan,China,32.95N,112.02E"
"1958-09-01,28.038,0.322,Vinh Long,Vietnam,10.45N,105.55E"
"1967-01-01,25.12,0.344,Vinh Long,Vietnam,10.45N,105.55E"
"1975-05-01,28.958,0.202,Vinh Long,Vietnam,10.45N,105.55E"
"1983-09-01,27.917,0.167,Vinh Long,Vietnam,10.45N,105.55E"
"1992-01-01,25.811,0.329,Vinh Long,Vietnam,10.45N,105.55E"
"2000-05-01,28.963,0.234,Vinh Long,Vietnam,10.45N,105.55E"
"2008-09-01,27.648,0.235,Vinh Long,Vietnam,10.45N,105.55E"
"1754-08-01,17.371,3.76,Vinnitsa,Ukraine,49.03N,29.39E"
"1762-12-01,-5.2,4.382,Vinnitsa,Ukraine,49.03N,29.39E"
"1771-04-01,4.551,5.828,Vinnitsa,Ukraine,49.03N,29.39E"
"2006-05-01,15.015,0.331,Novorossiysk,Russia,44.20N,38.01E"
"1821-07-01,17.323,2.326,Novosibirsk,Russia,55.45N,82.20E"
"1829-11-01,-8.866,2.704,Novosibirsk,Russia,55.45N,82.20E"
"1838-03-01,-15.909,6.006,Novosibirsk,Russia,55.45N,82.20E"
"1846-07-01,18.994,1.696,Novosibirsk,Russia,55.45N,82.20E"
"1854-11-01,-10.14,2.642,Novosibirsk,Russia,55.45N,82.20E"
"1863-03-01,-9.981,1.262,Novosibirsk,Russia,55.45N,82.20E"
"1871-07-01,18.771,1.137,Novosibirsk,Russia,55.45N,82.20E"
"1879-11-01,-10.724,1.623,Novosibirsk,Russia,55.45N,82.20E"
"1888-03-01,-9.023,1.936,Novosibirsk,Russia,55.45N,82.20E"
"1936-06-01,26.376,0.478,Waw,Sudan,7.23N,28.38E"
"1944-10-01,26.748,0.653,Waw,Sudan,7.23N,28.38E"
"1953-02-01,28.892,0.315,Waw,Sudan,7.23N,28.38E"
"1961-06-01,26.652,0.561,Waw,Sudan,7.23N,28.38E"
"1969-10-01,26.878,0.513,Waw,Sudan,7.23N,28.38E"
"1978-02-01,29.245,0.647,Waw,Sudan,7.23N,28.38E"
"1986-06-01,26.71,0.208,Waw,Sudan,7.23N,28.38E"
"1994-10-01,26.979,0.32,Waw,Sudan,7.23N,28.38E"
"2003-02-01,29.158,0.891,Waw,Sudan,7.23N,28.38E"
"2011-06-01,27.714,0.305,Waw,Sudan,7.23N,28.38E"
"1822-03-01,20.596,2.253,Wazirabad,Pakistan,32.95N,73.72E"
"1842-03-01,18.945,2.408,Wazirabad,Pakistan,32.95N,73.72E"
"1955-07-01,29.377,0.324,Kusti,Sudan,13.66N,32.20E"
"1963-11-01,28.196,0.209,Kusti,Sudan,13.66N,32.20E"
"1972-03-01,28.816,0.644,Kusti,Sudan,13.66N,32.20E"
"1980-07-01,29.071,0.278,Kusti,Sudan,13.66N,32.20E"
"1988-11-01,28.335,0.542,Kusti,Sudan,13.66N,32.20E"
"1997-03-01,29.163,0.353,Kusti,Sudan,13.66N,32.20E"
"2005-07-01,29.986,0.401,Kusti,Sudan,13.66N,32.20E"
"1841-05-01,16.572,1.488,Kuwana,Japan,34.56N,136.22E"
"1852-03-01,5.738,1.559,Kuwana,Japan,34.56N,136.22E"
"1860-07-01,25.3,1.522,Kuwana,Japan,34.56N,136.22E"
"1868-11-01,11.176,2.205,Kuwana,Japan,34.56N,136.22E"
"1802-07-01,20.247,2.012,Orel,Russia,52.24N,36.79E"
"1810-11-01,-4.294,2.584,Orel,Russia,52.24N,36.79E"
"1819-03-01,-3.901,7.425,Orel,Russia,52.24N,36.79E"
"1827-07-01,19.256,1.621,Orel,Russia,52.24N,36.79E"
"1835-11-01,-5.221,1.57,Orel,Russia,52.24N,36.79E"
"1844-03-01,-4.842,2.907,Orel,Russia,52.24N,36.79E"
"1852-07-01,16.43,1.467,Orel,Russia,52.24N,36.79E"
"1860-11-01,-2.93,0.848,Orel,Russia,52.24N,36.79E"
"1869-03-01,-2.276,1.763,Orel,Russia,52.24N,36.79E"
"1877-07-01,19.128,0.863,Orel,Russia,52.24N,36.79E"
"1885-11-01,-3.946,0.879,Orel,Russia,52.24N,36.79E"
"1995-11-01,26.921,0.235,Soc Trang,Vietnam,8.84N,106.22E"
"2004-03-01,26.904,0.517,Soc Trang,Vietnam,8.84N,106.22E"
"2012-07-01,28.692,0.549,Soc Trang,Vietnam,8.84N,106.22E"
"1758-06-01,18.336,3.558,Sochi,Russia,44.20N,40.25E"
"1772-08-01,21.248,3.153,Sochi,Russia,44.20N,40.25E"
"1780-12-01,-1.047,2.679,Sochi,Russia,44.20N,40.25E"
"1789-04-01,8.506,2.429,Sochi,Russia,44.20N,40.25E"
"1797-08-01,20.894,2.534,Sochi,Russia,44.20N,40.25E"
"1805-12-01,2.314,2.472,Sochi,Russia,44.20N,40.25E"
"1814-04-01,8.405,1.663,Sochi,Russia,44.20N,40.25E"
"1822-08-01,19.001,1.594,Sochi,Russia,44.20N,40.25E"
"1776-07-01,19.121,3.003,Lvov,Ukraine,50.63N,24.08E"
"1784-11-01,2.728,2.544,Lvov,Ukraine,50.63N,24.08E"
"1793-03-01,-0.511,3.987,Lvov,Ukraine,50.63N,24.08E"
"1801-07-01,19.416,3.432,Lvov,Ukraine,50.63N,24.08E"
"1809-11-01,0.664,3.785,Lvov,Ukraine,50.63N,24.08E"
"1818-03-01,3.094,2.442,Lvov,Ukraine,50.63N,24.08E"
"1826-07-01,21.262,1.51,Lvov,Ukraine,50.63N,24.08E"
"1834-11-01,2.358,2.62,Lvov,Ukraine,50.63N,24.08E"
"1843-03-01,-0.327,1.61,Lvov,Ukraine,50.63N,24.08E"
"1851-07-01,18.019,2.054,Lvov,Ukraine,50.63N,24.08E"
"1859-11-01,1.876,1.507,Lvov,Ukraine,50.63N,24.08E"
"1979-11-01,-8.052,0.148,Novosibirsk,Russia,55.45N,82.20E"
"1988-03-01,-7.843,0.432,Novosibirsk,Russia,55.45N,82.20E"
"1996-07-01,21.147,0.342,Novosibirsk,Russia,55.45N,82.20E"
"2004-11-01,-3.524,0.337,Novosibirsk,Russia,55.45N,82.20E"
"2013-03-01,-8.784,1.922,Novosibirsk,Russia,55.45N,82.20E"
"1791-10-01,2.869,2.411,Novotroitsk,Russia,50.63N,59.58E"
"1819-04-01,2.12,2.478,Novotroitsk,Russia,50.63N,59.58E"
"1827-08-01,20.032,1.937,Novotroitsk,Russia,50.63N,59.58E"
"1835-12-01,-15.029,5.051,Novotroitsk,Russia,50.63N,59.58E"
"1844-04-01,-0.506,2.249,Novotroitsk,Russia,50.63N,59.58E"
"2005-12-01,6.521,0.351,Mianyang,China,31.35N,105.55E"
"1780-05-01,14.645,2.563,Miass,Russia,55.45N,59.53E"
"1792-11-01,-7.214,3.084,Miass,Russia,55.45N,59.53E"
"1817-01-01,-14.003,4.352,Miass,Russia,55.45N,59.53E"
"1825-05-01,7.751,2.473,Miass,Russia,55.45N,59.53E"
"1833-09-01,7.252,1.903,Miass,Russia,55.45N,59.53E"
"1842-01-01,-13.733,1.564,Miass,Russia,55.45N,59.53E"
"1850-05-01,7.766,0.812,Miass,Russia,55.45N,59.53E"
"1858-09-01,6.808,1.298,Miass,Russia,55.45N,59.53E"
"1867-01-01,-12.054,2.112,Miass,Russia,55.45N,59.53E"
"1875-05-01,8.737,0.422,Miass,Russia,55.45N,59.53E"
"2004-09-01,23.736,0.163,Lengshuijiang,China,28.13N,111.82E"
"2013-01-01,4.73,0.359,Lengshuijiang,China,28.13N,111.82E"
"1828-03-01,-7.563,2.765,Leninsk Kuznetskiy,Russia,53.84N,85.91E"
"1836-07-01,17.759,1.556,Leninsk Kuznetskiy,Russia,53.84N,85.91E"
"1844-11-01,-8.591,1.589,Leninsk Kuznetskiy,Russia,53.84N,85.91E"
"1853-03-01,-10.223,1.376,Leninsk Kuznetskiy,Russia,53.84N,85.91E"
"1861-07-01,18.305,1.004,Leninsk Kuznetskiy,Russia,53.84N,85.91E"
"1869-11-01,-7.687,1.839,Leninsk Kuznetskiy,Russia,53.84N,85.91E"
"1878-03-01,-4.723,1.665,Leninsk Kuznetskiy,Russia,53.84N,85.91E"
"1995-02-01,10.331,0.596,Kirkuk,Iraq,36.17N,43.76E"
"2003-06-01,30.583,0.505,Kirkuk,Iraq,36.17N,43.76E"
"2011-10-01,20.151,0.476,Kirkuk,Iraq,36.17N,43.76E"
"1756-01-01,-12.357,4.972,Kirov,Russia,58.66N,49.23E"
"1764-05-01,8.955,4.47,Kirov,Russia,58.66N,49.23E"
"1772-09-01,8.505,2.874,Kirov,Russia,58.66N,49.23E"
"1781-01-01,-15.035,5.278,Kirov,Russia,58.66N,49.23E"
"1789-05-01,11.202,3.241,Kirov,Russia,58.66N,49.23E"
"1797-09-01,10.562,3.115,Kirov,Russia,58.66N,49.23E"
"1806-01-01,-12.788,2.863,Kirov,Russia,58.66N,49.23E"
"1814-05-01,5.482,1.714,Kirov,Russia,58.66N,49.23E"
"1753-11-01,3.945,3.074,Armavir,Russia,45.81N,40.38E"
"1762-03-01,2.049,3.302,Armavir,Russia,45.81N,40.38E"
"1771-05-01,14.804,6.28,Armavir,Russia,45.81N,40.38E"
"1779-09-01,17.46,2.594,Armavir,Russia,45.81N,40.38E"
"1788-01-01,-4.589,2.53,Armavir,Russia,45.81N,40.38E"
"1796-05-01,16.817,1.89,Armavir,Russia,45.81N,40.38E"
"1804-09-01,17.919,3.205,Armavir,Russia,45.81N,40.38E"
"1813-01-01,-10.003,2.403,Armavir,Russia,45.81N,40.38E"
"1821-05-01,16.95,1.862,Armavir,Russia,45.81N,40.38E"
"1829-09-01,16.962,2.422,Armavir,Russia,45.81N,40.38E"
"1838-01-01,-9.612,3.068,Armavir,Russia,45.81N,40.38E"
"1846-05-01,14.735,2.231,Armavir,Russia,45.81N,40.38E"
"1854-09-01,15.636,1.194,Armavir,Russia,45.81N,40.38E"
"1863-01-01,-2.77,2.42,Armavir,Russia,45.81N,40.38E"
"1871-05-01,13.726,0.651,Armavir,Russia,45.81N,40.38E"
"1879-09-01,16.439,0.694,Armavir,Russia,45.81N,40.38E"
"1888-01-01,-4.516,0.916,Armavir,Russia,45.81N,40.38E"
"1896-05-01,14.996,0.37,Armavir,Russia,45.81N,40.38E"
"1904-09-01,16.802,0.455,Armavir,Russia,45.81N,40.38E"
"1913-01-01,-3.839,0.495,Armavir,Russia,45.81N,40.38E"
"1921-05-01,19.366,0.638,Armavir,Russia,45.81N,40.38E"
"1929-09-01,15.3,0.266,Armavir,Russia,45.81N,40.38E"
"1978-06-01,28.313,0.306,Can Tho,Vietnam,10.45N,105.55E"
"1986-10-01,27.575,0.242,Can Tho,Vietnam,10.45N,105.55E"
"1995-02-01,27.033,0.27,Can Tho,Vietnam,10.45N,105.55E"
"2003-06-01,28.95,0.321,Can Tho,Vietnam,10.45N,105.55E"
"2011-10-01,28.198,0.352,Can Tho,Vietnam,10.45N,105.55E"
"1847-05-01,6.825,1.494,Canberra,Australia,36.17S,149.17E"
"1856-07-01,3.383,1.111,Canberra,Australia,36.17S,149.17E"
"1864-11-01,13.676,1.586,Canberra,Australia,36.17S,149.17E"
"1873-03-01,14.93,0.562,Canberra,Australia,36.17S,149.17E"
"1881-07-01,3.873,0.689,Canberra,Australia,36.17S,149.17E"
"1920-02-01,25.036,0.494,Digos,Philippines,7.23N,125.68E"
"1928-06-01,25.983,0.475,Digos,Philippines,7.23N,125.68E"
"1936-10-01,25.771,0.372,Digos,Philippines,7.23N,125.68E"
"1945-02-01,25.235,0.917,Digos,Philippines,7.23N,125.68E"
"1953-06-01,26.194,0.202,Digos,Philippines,7.23N,125.68E"
"1961-10-01,25.881,0.323,Digos,Philippines,7.23N,125.68E"
"1970-02-01,25.824,0.184,Digos,Philippines,7.23N,125.68E"
"1978-06-01,26.312,0.392,Digos,Philippines,7.23N,125.68E"
"1986-10-01,26.358,0.146,Digos,Philippines,7.23N,125.68E"
"1995-02-01,25.694,0.448,Digos,Philippines,7.23N,125.68E"
"2003-06-01,26.365,0.495,Digos,Philippines,7.23N,125.68E"
"2011-10-01,26.453,0.131,Digos,Philippines,7.23N,125.68E"
"1756-01-01,1.977,5.535,Dijon,France,47.42N,5.92E"
"1764-05-01,14.44,8.326,Dijon,France,47.42N,5.92E"
"1772-09-01,15.353,4.013,Dijon,France,47.42N,5.92E"
"1781-01-01,0.091,8.956,Dijon,France,47.42N,5.92E"
"1789-05-01,15.111,4.343,Dijon,France,47.42N,5.92E"
"1797-09-01,14.051,4.9,Dijon,France,47.42N,5.92E"
"1806-01-01,2.637,1.668,Dijon,France,47.42N,5.92E"
"1814-05-01,10.846,1.566,Dijon,France,47.42N,5.92E"
"1822-09-01,14.111,2.345,Dijon,France,47.42N,5.92E"
"1964-11-01,6.027,0.347,Weinan,China,34.56N,108.97E"
"1973-03-01,8.328,0.32,Weinan,China,34.56N,108.97E"
"1981-07-01,24.752,0.622,Weinan,China,34.56N,108.97E"
"1989-11-01,4.032,0.327,Weinan,China,34.56N,108.97E"
"1998-03-01,5.893,0.438,Weinan,China,34.56N,108.97E"
"2006-07-01,25.957,0.727,Weinan,China,34.56N,108.97E"
"1858-02-01,21.632,1.596,Welkom,South Africa,28.13S,26.36E"
"1867-04-01,16.401,1.77,Welkom,South Africa,28.13S,26.36E"
"1876-06-01,8.955,1.199,Welkom,South Africa,28.13S,26.36E"
"1884-10-01,18.645,0.857,Welkom,South Africa,28.13S,26.36E"
"2011-07-01,27.965,0.239,Ouagadougou,Burkina Faso,12.05N,1.64W"
"1756-08-01,11.437,8.704,Oulu,Finland,65.09N,24.89E"
"1764-12-01,-7.627,3.685,Oulu,Finland,65.09N,24.89E"
"1773-04-01,1.142,2.322,Oulu,Finland,65.09N,24.89E"
"1781-08-01,14.283,2.423,Oulu,Finland,65.09N,24.89E"
"1789-12-01,-3.48,2.3,Oulu,Finland,65.09N,24.89E"
"1798-04-01,-0.688,1.526,Oulu,Finland,65.09N,24.89E"
"1806-08-01,15.553,1.777,Oulu,Finland,65.09N,24.89E"
"1814-12-01,-9.344,7.742,Oulu,Finland,65.09N,24.89E"
"1823-04-01,-1.789,3.161,Oulu,Finland,65.09N,24.89E"
"1831-08-01,13.669,2.329,Oulu,Finland,65.09N,24.89E"
"2005-12-01,-5.162,0.252,Kitchener,Canada,44.20N,80.50W"
"1850-07-01,16.532,1.318,Kitwe,Zambia,12.05S,27.95E"
"1882-03-01,20.88,1.466,Kitwe,Zambia,12.05S,27.95E"
"1890-07-01,16.071,1.269,Kitwe,Zambia,12.05S,27.95E"
"1898-11-01,22.839,1.059,Kitwe,Zambia,12.05S,27.95E"
"1907-03-01,21.244,0.63,Kitwe,Zambia,12.05S,27.95E"
"1915-07-01,17.898,1.239,Kitwe,Zambia,12.05S,27.95E"
"1923-11-01,23.881,1.557,Kitwe,Zambia,12.05S,27.95E"
"1932-03-01,20.844,0.421,Kitwe,Zambia,12.05S,27.95E"
"1940-07-01,16.038,0.737,Kitwe,Zambia,12.05S,27.95E"
"1948-11-01,22.375,0.467,Kitwe,Zambia,12.05S,27.95E"
"1758-04-01,8.088,5.042,Rostov Na Donu,Russia,47.42N,39.08E"
"1767-06-01,21.654,3.038,Rostov Na Donu,Russia,47.42N,39.08E"
"1775-10-01,11.316,2.756,Rostov Na Donu,Russia,47.42N,39.08E"
"1784-02-01,-6.424,6.184,Rostov Na Donu,Russia,47.42N,39.08E"
"1792-06-01,21.605,1.689,Rostov Na Donu,Russia,47.42N,39.08E"
"1800-10-01,9.724,2.668,Rostov Na Donu,Russia,47.42N,39.08E"
"1809-02-01,-5.251,3.171,Rostov Na Donu,Russia,47.42N,39.08E"
"1817-06-01,18.234,2.465,Rostov Na Donu,Russia,47.42N,39.08E"
"1825-10-01,8.131,2.494,Rostov Na Donu,Russia,47.42N,39.08E"
"1750-05-01,10.804,2.181,Yaroslavl,Russia,57.05N,39.84E"
"1758-09-01,7.719,2.709,Yaroslavl,Russia,57.05N,39.84E"
"1767-01-01,-15.507,5.266,Yaroslavl,Russia,57.05N,39.84E"
"1775-05-01,11.012,3.25,Yaroslavl,Russia,57.05N,39.84E"
"1783-09-01,9.47,3.44,Yaroslavl,Russia,57.05N,39.84E"
"1792-01-01,-15.786,3.283,Yaroslavl,Russia,57.05N,39.84E"
"1800-05-01,10.367,2.122,Yaroslavl,Russia,57.05N,39.84E"
"1808-09-01,11.309,3.55,Yaroslavl,Russia,57.05N,39.84E"
"1817-01-01,-7.4,5.012,Yaroslavl,Russia,57.05N,39.84E"
"1825-05-01,7.853,2.736,Yaroslavl,Russia,57.05N,39.84E"
"2010-05-01,20.916,0.246,Zhuji,China,29.74N,120.00E"
"1756-04-01,5.885,2.491,Zhukovskiy,Russia,55.45N,36.85E"
"1764-08-01,15.416,1.702,Zhukovskiy,Russia,55.45N,36.85E"
"1772-12-01,-3.588,3.117,Zhukovskiy,Russia,55.45N,36.85E"
"1781-04-01,2.956,2.082,Zhukovskiy,Russia,55.45N,36.85E"
"1789-08-01,17.471,1.819,Zhukovskiy,Russia,55.45N,36.85E"
"1797-12-01,-5.253,3.046,Zhukovskiy,Russia,55.45N,36.85E"
"1806-04-01,4.122,3.763,Zhukovskiy,Russia,55.45N,36.85E"
"1814-08-01,16.109,1.371,Zhukovskiy,Russia,55.45N,36.85E"
"1822-12-01,-6.894,2.727,Zhukovskiy,Russia,55.45N,36.85E"
"1993-04-01,10.183,0.211,Rijeka,Croatia,45.81N,15.00E"
"2001-08-01,22.006,0.381,Rijeka,Croatia,45.81N,15.00E"
"2009-12-01,1.441,0.276,Rijeka,Croatia,45.81N,15.00E"
"1755-01-01,0.544,6.065,Rimini,Italy,44.20N,13.42E"
"1763-05-01,14.678,2.899,Rimini,Italy,44.20N,13.42E"
"1771-09-01,19.866,2.025,Rimini,Italy,44.20N,13.42E"
"1780-01-01,4.638,5.773,Rimini,Italy,44.20N,13.42E"
"1788-05-01,16.876,2.276,Rimini,Italy,44.20N,13.42E"
"1796-09-01,21.35,5.085,Rimini,Italy,44.20N,13.42E"
"1805-01-01,5.598,1.899,Rimini,Italy,44.20N,13.42E"
"1813-05-01,17.904,7.348,Rimini,Italy,44.20N,13.42E"
"1795-04-01,6.427,2.701,Elektrostal,Russia,55.45N,39.69E"
"1803-08-01,19.143,2.287,Elektrostal,Russia,55.45N,39.69E"
"1811-12-01,-5.854,2.72,Elektrostal,Russia,55.45N,39.69E"
"1820-04-01,6.49,1.832,Elektrostal,Russia,55.45N,39.69E"
"1828-08-01,17.186,2.837,Elektrostal,Russia,55.45N,39.69E"
"1836-12-01,-7.615,3.103,Elektrostal,Russia,55.45N,39.69E"
"1845-04-01,0.831,1.451,Elektrostal,Russia,55.45N,39.69E"
"1853-08-01,17.097,1.453,Elektrostal,Russia,55.45N,39.69E"
"1861-12-01,-8.532,2.19,Elektrostal,Russia,55.45N,39.69E"
"1870-04-01,4.477,1.069,Elektrostal,Russia,55.45N,39.69E"
"1810-03-01,-7.174,2.542,Ulyanovsk,Russia,53.84N,47.73E"
"1818-07-01,19.384,2.279,Ulyanovsk,Russia,53.84N,47.73E"
"1826-11-01,-1.914,1.755,Ulyanovsk,Russia,53.84N,47.73E"
"1835-03-01,-4.145,2.438,Ulyanovsk,Russia,53.84N,47.73E"
"1843-07-01,19.085,1.529,Ulyanovsk,Russia,53.84N,47.73E"
"1851-11-01,0.072,1.651,Ulyanovsk,Russia,53.84N,47.73E"
"1860-03-01,-11.965,2.169,Ulyanovsk,Russia,53.84N,47.73E"
"1868-07-01,18.35,0.966,Ulyanovsk,Russia,53.84N,47.73E"
"1876-11-01,-5.654,1.512,Ulyanovsk,Russia,53.84N,47.73E"
"1885-03-01,-5.312,0.719,Ulyanovsk,Russia,53.84N,47.73E"
"1822-09-01,9.281,2.809,Kirov,Russia,58.66N,49.23E"
"1831-01-01,-15.368,3.428,Kirov,Russia,58.66N,49.23E"
"1839-05-01,13.366,0.629,Kirov,Russia,58.66N,49.23E"
"1847-09-01,14.745,0.962,Kirov,Russia,58.66N,49.23E"
"1856-01-01,-11.216,1.065,Kirov,Russia,58.66N,49.23E"
"1864-05-01,10.051,0.726,Kirov,Russia,58.66N,49.23E"
"1872-09-01,6.759,0.895,Kirov,Russia,58.66N,49.23E"
"1881-01-01,-17.633,2.182,Kirov,Russia,58.66N,49.23E"
"1889-05-01,12.627,0.957,Kirov,Russia,58.66N,49.23E"
"1897-09-01,10.895,0.757,Kirov,Russia,58.66N,49.23E"
"1906-01-01,-13.402,0.586,Kirov,Russia,58.66N,49.23E"
"1770-02-01,-9.048,3.283,Sergiyev Posad,Russia,57.05N,36.89E"
"1778-06-01,15.421,5.412,Sergiyev Posad,Russia,57.05N,36.89E"
"1786-10-01,1.984,1.568,Sergiyev Posad,Russia,57.05N,36.89E"
"1795-02-01,-8.77,7.566,Sergiyev Posad,Russia,57.05N,36.89E"
"1803-06-01,15.768,1.884,Sergiyev Posad,Russia,57.05N,36.89E"
"1811-10-01,-0.294,5.518,Sergiyev Posad,Russia,57.05N,36.89E"
"1820-02-01,-12.305,3.973,Sergiyev Posad,Russia,57.05N,36.89E"
"1828-06-01,16.752,2.828,Sergiyev Posad,Russia,57.05N,36.89E"
"1836-10-01,5.061,5.26,Sergiyev Posad,Russia,57.05N,36.89E"
"1893-07-01,20.033,0.491,Ulyanovsk,Russia,53.84N,47.73E"
"1901-11-01,-4.487,0.537,Ulyanovsk,Russia,53.84N,47.73E"
"1910-03-01,-5.809,0.778,Ulyanovsk,Russia,53.84N,47.73E"
"1918-07-01,18.783,0.402,Ulyanovsk,Russia,53.84N,47.73E"
"1926-11-01,0.16,0.355,Ulyanovsk,Russia,53.84N,47.73E"
"1935-03-01,-6.143,0.665,Ulyanovsk,Russia,53.84N,47.73E"
"1943-07-01,19.885,0.374,Ulyanovsk,Russia,53.84N,47.73E"
"1951-11-01,-7.836,0.527,Ulyanovsk,Russia,53.84N,47.73E"
"1960-03-01,-7.698,0.497,Ulyanovsk,Russia,53.84N,47.73E"
"1968-07-01,16.387,0.53,Ulyanovsk,Russia,53.84N,47.73E"
"1975-03-01,1.028,0.21,Pyatigorsk,Russia,44.20N,42.48E"
"1983-07-01,20.106,0.249,Pyatigorsk,Russia,44.20N,42.48E"
"1991-11-01,3.221,0.144,Pyatigorsk,Russia,44.20N,42.48E"
"2000-03-01,1.815,0.624,Pyatigorsk,Russia,44.20N,42.48E"
"2008-07-01,20.472,0.188,Pyatigorsk,Russia,44.20N,42.48E"
"1799-12-01,22.493,1.7,Pyay,Burma,18.48N,94.65E"
"1813-04-01,29.3,1.447,Pyay,Burma,18.48N,94.65E"
"1821-08-01,25.609,1.369,Pyay,Burma,18.48N,94.65E"
"1829-12-01,22.48,3.36,Pyay,Burma,18.48N,94.65E"
"1839-02-01,23.885,1.674,Pyay,Burma,18.48N,94.65E"
"1847-06-01,26.484,1.184,Pyay,Burma,18.48N,94.65E"
"1976-11-01,-4.173,0.23,Ulyanovsk,Russia,53.84N,47.73E"
"1985-03-01,-7.471,0.679,Ulyanovsk,Russia,53.84N,47.73E"
"1993-07-01,19.345,0.348,Ulyanovsk,Russia,53.84N,47.73E"
"2001-11-01,-1.148,0.231,Ulyanovsk,Russia,53.84N,47.73E"
"2010-03-01,-4.935,0.249,Ulyanovsk,Russia,53.84N,47.73E"
"1870-06-01,33.614,1.443,Umm Durman,Sudan,15.27N,32.50E"
"1878-10-01,30.625,1.323,Umm Durman,Sudan,15.27N,32.50E"
"1887-02-01,23.598,1.705,Umm Durman,Sudan,15.27N,32.50E"
"1895-06-01,33.776,1.67,Umm Durman,Sudan,15.27N,32.50E"
"1903-10-01,30.541,1.512,Umm Durman,Sudan,15.27N,32.50E"
"1918-09-01,11.304,0.391,Oktyabrskiy,Russia,53.84N,53.18E"
"1927-01-01,-17.609,0.405,Oktyabrskiy,Russia,53.84N,53.18E"
"1935-05-01,12.386,0.365,Oktyabrskiy,Russia,53.84N,53.18E"
"1943-09-01,10.407,0.293,Oktyabrskiy,Russia,53.84N,53.18E"
"1952-01-01,-13.208,0.424,Oktyabrskiy,Russia,53.84N,53.18E"
"1960-05-01,9.233,0.567,Oktyabrskiy,Russia,53.84N,53.18E"
"1968-09-01,11.194,0.186,Oktyabrskiy,Russia,53.84N,53.18E"
"1977-01-01,-19.076,0.384,Oktyabrskiy,Russia,53.84N,53.18E"
